ROC AUC,PR AUC,Best F1 Score,Best Threshold
0.7914679973404836,0.17837883241219102,0.2995670995174768,0.1
